--
-- PostgreSQL database dump
--

-- Dumped from database version 15.2 (Ubuntu 15.2-1.pgdg22.04+1)
-- Dumped by pg_dump version 15.2 (Ubuntu 15.2-1.pgdg22.04+1)

SET statement_timeout = 0;
SET lock_timeout = 0;
SET idle_in_transaction_session_timeout = 0;
SET client_encoding = 'UTF8';
SET standard_conforming_strings = on;
SELECT pg_catalog.set_config('search_path', '', false);
SET check_function_bodies = false;
SET xmloption = content;
SET client_min_messages = warning;
SET row_security = off;

SET default_tablespace = '';

SET default_table_access_method = heap;

--
-- Name: category; Type: TABLE; Schema: public; Owner: nomad
--

CREATE TABLE public.category (
    id integer NOT NULL,
    name character varying(50) NOT NULL
);


ALTER TABLE public.category OWNER TO nomad;

--
-- Name: TABLE category; Type: COMMENT; Schema: public; Owner: nomad
--

COMMENT ON TABLE public.category IS 'Категория товаров';


--
-- Name: category_id_seq; Type: SEQUENCE; Schema: public; Owner: nomad
--

CREATE SEQUENCE public.category_id_seq
    AS integer
    START WITH 1
    INCREMENT BY 1
    NO MINVALUE
    NO MAXVALUE
    CACHE 1;


ALTER TABLE public.category_id_seq OWNER TO nomad;

--
-- Name: category_id_seq; Type: SEQUENCE OWNED BY; Schema: public; Owner: nomad
--

ALTER SEQUENCE public.category_id_seq OWNED BY public.category.id;


--
-- Name: debt; Type: TABLE; Schema: public; Owner: nomad
--

CREATE TABLE public.debt (
    id integer NOT NULL,
    quantity integer,
    products_id integer
);


ALTER TABLE public.debt OWNER TO nomad;

--
-- Name: debt_id_seq; Type: SEQUENCE; Schema: public; Owner: nomad
--

CREATE SEQUENCE public.debt_id_seq
    AS integer
    START WITH 1
    INCREMENT BY 1
    NO MINVALUE
    NO MAXVALUE
    CACHE 1;


ALTER TABLE public.debt_id_seq OWNER TO nomad;

--
-- Name: debt_id_seq; Type: SEQUENCE OWNED BY; Schema: public; Owner: nomad
--

ALTER SEQUENCE public.debt_id_seq OWNED BY public.debt.id;


--
-- Name: products; Type: TABLE; Schema: public; Owner: nomad
--

CREATE TABLE public.products (
    id integer NOT NULL,
    name character varying(50) NOT NULL,
    price integer NOT NULL,
    category_id integer
);


ALTER TABLE public.products OWNER TO nomad;

--
-- Name: products_id_seq; Type: SEQUENCE; Schema: public; Owner: nomad
--

CREATE SEQUENCE public.products_id_seq
    AS integer
    START WITH 1
    INCREMENT BY 1
    NO MINVALUE
    NO MAXVALUE
    CACHE 1;


ALTER TABLE public.products_id_seq OWNER TO nomad;

--
-- Name: products_id_seq; Type: SEQUENCE OWNED BY; Schema: public; Owner: nomad
--

ALTER SEQUENCE public.products_id_seq OWNED BY public.products.id;


--
-- Name: sale_for_me; Type: TABLE; Schema: public; Owner: nomad
--

CREATE TABLE public.sale_for_me (
    id integer NOT NULL,
    products_id integer,
    quantity integer,
    sale_at timestamp with time zone NOT NULL
);


ALTER TABLE public.sale_for_me OWNER TO nomad;

--
-- Name: sale_for_me_id_seq; Type: SEQUENCE; Schema: public; Owner: nomad
--

CREATE SEQUENCE public.sale_for_me_id_seq
    AS integer
    START WITH 1
    INCREMENT BY 1
    NO MINVALUE
    NO MAXVALUE
    CACHE 1;


ALTER TABLE public.sale_for_me_id_seq OWNER TO nomad;

--
-- Name: sale_for_me_id_seq; Type: SEQUENCE OWNED BY; Schema: public; Owner: nomad
--

ALTER SEQUENCE public.sale_for_me_id_seq OWNED BY public.sale_for_me.id;


--
-- Name: category id; Type: DEFAULT; Schema: public; Owner: nomad
--

ALTER TABLE ONLY public.category ALTER COLUMN id SET DEFAULT nextval('public.category_id_seq'::regclass);


--
-- Name: debt id; Type: DEFAULT; Schema: public; Owner: nomad
--

ALTER TABLE ONLY public.debt ALTER COLUMN id SET DEFAULT nextval('public.debt_id_seq'::regclass);


--
-- Name: products id; Type: DEFAULT; Schema: public; Owner: nomad
--

ALTER TABLE ONLY public.products ALTER COLUMN id SET DEFAULT nextval('public.products_id_seq'::regclass);


--
-- Name: sale_for_me id; Type: DEFAULT; Schema: public; Owner: nomad
--

ALTER TABLE ONLY public.sale_for_me ALTER COLUMN id SET DEFAULT nextval('public.sale_for_me_id_seq'::regclass);


--
-- Data for Name: category; Type: TABLE DATA; Schema: public; Owner: nomad
--

COPY public.category (id, name) FROM stdin;
1	Кофе
2	Напитки
3	Фреш
4	Чай
5	Лимонад
\.


--
-- Data for Name: debt; Type: TABLE DATA; Schema: public; Owner: nomad
--

COPY public.debt (id, quantity, products_id) FROM stdin;
20	-1	20
30	-2	31
17	-2	17
10	-14	10
26	-1	27
18	-2	18
22	-2	23
15	0	15
3	-1	3
24	0	25
29	-1	30
1	-4	1
6	0	6
14	1	14
21	-1	21
25	0	26
9	0	9
27	0	28
28	0	29
11	-1	11
4	-7	4
7	-1	7
19	-1	19
12	-1	12
16	-2	16
13	0	13
2	-16	2
8	0	8
5	1	5
23	0	24
\.


--
-- Data for Name: products; Type: TABLE DATA; Schema: public; Owner: nomad
--

COPY public.products (id, name, price, category_id) FROM stdin;
18	Здоровья	330	4
19	Имбирный	330	4
20	Малиновый	330	4
11	Клубничный	220	5
12	Классический	220	5
17	Марокканский	330	4
21	Капучино	160	1
23	Американо_0.3	180	1
24	Какао	150	1
25	Капуч_Альтернатива_0.3	250	1
26	Раф	260	1
27	Lipton	160	2
28	Пакетик	60	4
29	Мохито_1.0	620	5
30	Клубничный_1.0	550	5
31	Классический_1.0	550	5
10	Мохито	220	5
9	Orange	160	2
1	BonAqua	80	2
4	Эспрессо	120	1
13	Горячий_Шоколад	200	1
14	Латте	180	1
2	МегаКапучино	220	1
3	Американо	120	1
5	Агуша	70	2
7	Black	160	2
8	Lime	160	2
6	Juice	80	2
15	Фреш	290	3
16	Облепиховый	330	4
\.


--
-- Data for Name: sale_for_me; Type: TABLE DATA; Schema: public; Owner: nomad
--

COPY public.sale_for_me (id, products_id, quantity, sale_at) FROM stdin;
\.


--
-- Name: category_id_seq; Type: SEQUENCE SET; Schema: public; Owner: nomad
--

SELECT pg_catalog.setval('public.category_id_seq', 5, true);


--
-- Name: debt_id_seq; Type: SEQUENCE SET; Schema: public; Owner: nomad
--

SELECT pg_catalog.setval('public.debt_id_seq', 30, true);


--
-- Name: products_id_seq; Type: SEQUENCE SET; Schema: public; Owner: nomad
--

SELECT pg_catalog.setval('public.products_id_seq', 31, true);


--
-- Name: sale_for_me_id_seq; Type: SEQUENCE SET; Schema: public; Owner: nomad
--

SELECT pg_catalog.setval('public.sale_for_me_id_seq', 1, false);


--
-- Name: category category_pkey; Type: CONSTRAINT; Schema: public; Owner: nomad
--

ALTER TABLE ONLY public.category
    ADD CONSTRAINT category_pkey PRIMARY KEY (id);


--
-- Name: debt debt_pkey; Type: CONSTRAINT; Schema: public; Owner: nomad
--

ALTER TABLE ONLY public.debt
    ADD CONSTRAINT debt_pkey PRIMARY KEY (id);


--
-- Name: products products_pkey; Type: CONSTRAINT; Schema: public; Owner: nomad
--

ALTER TABLE ONLY public.products
    ADD CONSTRAINT products_pkey PRIMARY KEY (id);


--
-- Name: sale_for_me sale_for_me_pkey; Type: CONSTRAINT; Schema: public; Owner: nomad
--

ALTER TABLE ONLY public.sale_for_me
    ADD CONSTRAINT sale_for_me_pkey PRIMARY KEY (id);


--
-- Name: debt debt_products_id_fkey; Type: FK CONSTRAINT; Schema: public; Owner: nomad
--

ALTER TABLE ONLY public.debt
    ADD CONSTRAINT debt_products_id_fkey FOREIGN KEY (products_id) REFERENCES public.products(id);


--
-- Name: products fk_products_category; Type: FK CONSTRAINT; Schema: public; Owner: nomad
--

ALTER TABLE ONLY public.products
    ADD CONSTRAINT fk_products_category FOREIGN KEY (category_id) REFERENCES public.category(id);


--
-- Name: sale_for_me sale_for_me_products_id_fkey; Type: FK CONSTRAINT; Schema: public; Owner: nomad
--

ALTER TABLE ONLY public.sale_for_me
    ADD CONSTRAINT sale_for_me_products_id_fkey FOREIGN KEY (products_id) REFERENCES public.products(id);


--
-- PostgreSQL database dump complete
--

